UserId,TrajScore,TypeScore,AllScore
0,0.9631721,6.260616,3.611894
1,1.3260863,6.6793733,4.00273
2,0.78734404,6.4047685,3.5960562
3,1.9503345,7.5287156,4.739525
4,0.97711825,7.6368046,4.3069615
5,0.7913631,7.799855,4.295609
6,0.9690911,7.627815,4.298453
7,1.9093496,6.469003,4.1891766
8,1.7903683,6.351188,4.0707784
9,0.8012152,7.9089284,4.355072
10,1.07749,6.1324916,3.6049907
11,1.9006466,7.6608996,4.780773
12,0.9697439,7.829041,4.3993926
13,0.87152046,7.9619374,4.416729
14,0.79768586,7.886829,4.3422575
15,0.84948164,7.5999513,4.2247167
16,1.6900252,6.29405,3.9920378
17,1.9689285,8.518404,5.243666
18,1.2708769,0.17209925,0.72148806
19,1.0796185,7.5433784,4.3114986
20,0.86155796,7.712399,4.2869787
21,1.2606449,6.348611,3.804628
22,1.0216872,8.126416,4.574052
23,0.7886157,7.8010807,4.2948484
24,0.79601544,7.916053,4.3560343
25,0.8579314,7.730809,4.29437
26,0.96602416,6.272766,3.6193953
27,0.7902808,6.425716,3.6079984
28,0.86404175,7.8556633,4.3598523
29,1.5964383,7.9019694,4.7492037
30,0.93567157,7.0299716,3.9828215
31,0.87145644,0.16438861,0.5179225
32,1.2573127,7.7297554,4.493534
33,0.7955499,7.8525133,4.324032
34,1.5829426,0.17725974,0.8801012
35,1.7903805,6.444094,4.117237
36,0.9605769,7.533319,4.246948
37,0.77784646,7.575859,4.1768527
38,0.9667724,7.752896,4.359834
39,2.0185356,6.5147214,4.2666283
40,0.9743467,1.3937756,1.1840612
41,0.7935567,7.8590684,4.3263125
42,2.2576704,6.290526,4.2740984
43,1.4443357,2.5849767,2.014656
44,1.4231397,7.637213,4.5301766
45,0.7862014,7.7429633,4.264582
46,0.7838802,7.6886053,4.236243
47,0.78413785,7.719914,4.252026
48,0.80557364,6.5540185,3.679796
49,0.8559611,7.6212263,4.2385936
50,0.87098634,7.886289,4.378638
51,1.0943108,6.338454,3.7163823
52,0.96016663,7.6637483,4.3119574
53,0.8726773,2.610612,1.7416446
54,1.7884958,7.6952004,4.741848
55,0.9238176,8.364177,4.643997
56,0.86622447,7.812539,4.3393817
57,0.8664757,6.4785047,3.6724901
58,0.78503704,7.7211685,4.253103
59,2.1278577,7.8094525,4.968655
60,0.79372096,7.9011483,4.3474345
61,1.6955115,7.6757402,4.685626
62,1.0723802,6.2070527,3.6397164
63,1.5883077,6.421004,4.004656
64,1.6851957,6.231883,3.9585395
65,0.8477067,8.463847,4.655777
66,0.9205427,8.372323,4.646433
67,0.974812,0.17546771,0.5751398
68,1.636552,6.1631207,3.8998363
69,1.6528945,6.4676156,4.060255
70,1.5814221,6.3021717,3.9417968
71,0.97233045,1.3992175,1.185774
72,2.010184,7.5822825,4.796233
73,0.8563119,7.640224,4.248268
74,0.85695744,6.380797,3.6188772
75,1.1250293,6.6272097,3.8761196
76,1.9146067,7.8828497,4.8987284
77,1.0865781,6.2866693,3.6866236
78,1.5951792,7.838372,4.716776
79,1.0770859,6.173676,3.625381
80,1.2799373,7.0414753,4.1607065
81,0.7770894,7.655836,4.2164626
82,0.8643818,7.7452135,4.3047976
83,2.0123382,6.457337,4.2348375
84,0.97436833,6.3673353,3.6708517
85,0.9670074,1.3470317,1.1570196
86,2.122856,7.6073337,4.8650947
87,0.7874081,6.399059,3.5932336
88,0.8673801,6.4933553,3.6803677
89,1.0915443,1.4217262,1.2566352
90,0.9768626,6.417056,3.6969593
91,2.1161253,7.5368667,4.826496
92,1.9027946,6.3103976,4.106596
93,0.85433286,7.6236315,4.238982
94,0.8492346,7.631906,4.24057
95,0.9795085,7.9395533,4.459531
96,0.85079426,7.5978723,4.2243333
97,1.4370208,1.4453182,1.4411695
98,1.252924,6.294148,3.773536
99,0.97128975,1.4014236,1.1863567
100,1.8997049,6.2702227,4.084964
101,0.84520364,2.0742807,1.4597422
102,3.0759428,6.4736004,4.7747717
103,1.1003863,2.5435362,1.8219612
104,0.77675766,7.5502553,4.1635065
105,2.1147902,7.6593695,4.8870797
106,0.860236,6.39538,3.627808
107,1.7914313,6.279592,4.0355115
108,0.9684785,7.7681828,4.3683305
109,1.0885801,6.28389,3.686235
110,0.9757171,6.325808,3.6507626
111,2.0031583,6.1957903,4.0994744
112,0.9726621,6.364188,3.668425
113,1.8043611,6.5593753,4.181868
114,0.78555745,6.370105,3.577831
115,1.0863636,6.2746577,3.6805105
116,1.2721549,6.98385,4.1280026
117,0.85911393,7.645175,4.2521443
118,1.6871952,6.3049984,3.9960968
119,0.9687044,7.618843,4.2937737
120,0.85794735,7.7089105,4.283429
121,0.78101385,7.6843185,4.232666
122,0.87579864,6.519934,3.6978664
123,1.2725073,6.533884,3.9031956
124,0.9681752,7.750664,4.35942
125,1.2676331,6.562288,3.9149604
126,2.0175014,7.84705,4.932276
127,1.0806535,6.2641363,3.672395
128,1.9006671,1.2557932,1.5782301
129,1.0778828,7.553452,4.315667
130,1.0948672,3.7467089,2.420788
131,0.95568556,0.22472753,0.59020656
132,1.4412017,6.516403,3.9788024
133,0.85270226,7.5949244,4.2238135
134,0.79830515,7.945186,4.3717456
135,0.85184354,7.6557083,4.253776
136,0.84927243,7.5414577,4.195365
137,0.9759578,6.383072,3.679515
138,1.1086006,6.2847614,3.696681
139,1.2583761,6.404625,3.8315005
140,0.7777241,7.6368504,4.2072873
141,0.7906544,7.8283434,4.309499
142,2.2565577,7.6561484,4.956353
143,2.2515838,6.321229,4.2864065
144,0.9684902,7.5685077,4.268499
145,0.7860273,7.768408,4.2772174
146,1.2671789,7.8493733,4.558276
147,0.98312145,5.2796865,3.131404
148,1.0854231,6.262087,3.673755
149,0.8620112,6.3886404,3.6253257
150,1.587689,0.17197731,0.87983316
151,0.7866619,7.7534347,4.270048
152,0.9274916,8.376558,4.6520247
153,0.87742674,1.2708311,1.0741289
154,1.5757166,6.268728,3.9222221
155,0.8524455,7.598772,4.225609
156,1.6895152,0.18715587,0.93833554
157,0.8693427,7.906839,4.3880906
158,0.97082657,6.2865586,3.6286926
159,0.96462506,7.6454487,4.305037
160,1.5953168,7.926337,4.7608266
161,0.8084915,4.0206184,2.414555
162,1.5751239,0.20945029,0.8922871
163,0.8583361,6.3345623,3.5964491
164,1.5897096,6.397137,3.9934235
165,0.9757776,7.942813,4.4592953
166,0.9120902,8.126339,4.5192146
167,1.6885347,7.5667825,4.627659
168,1.9139766,6.546725,4.2303505
169,1.2403647,6.266131,3.7532477
170,0.9671824,7.739616,4.3533993
171,0.85262054,7.584919,4.2187696
172,1.0799564,1.2597699,1.1698632
173,0.7976247,7.878223,4.337924
174,0.85660887,7.634629,4.245619
175,0.7832575,6.2924542,3.5378559
176,1.0885086,7.6491995,4.368854
177,0.9665393,7.7190466,4.342793
178,0.8490965,7.56344,4.2062683
179,1.5955296,8.4456415,5.0205855
180,1.5937697,2.5864167,2.0900931
181,0.80349374,7.9619102,4.382702
182,1.7907592,6.3159943,4.0533767
183,1.2344742,6.224063,3.7292686
184,1.0265838,2.0633616,1.5449727
185,1.8056759,6.580019,4.1928473
186,2.2641263,7.472613,4.8683696
187,1.9112278,7.8827953,4.8970118
188,0.9748379,6.377643,3.6762404
189,1.9100187,7.8056946,4.8578568
190,0.87798476,1.4525992,1.165292
191,0.85355216,7.6454763,4.249514
192,1.3229538,8.103641,4.7132974
193,0.9613981,7.5942073,4.2778025
194,0.79236877,7.826775,4.3095717
195,0.9776575,7.6828713,4.3302646
196,1.9178386,7.9483747,4.9331064
197,0.78894526,6.3426766,3.565811
198,0.9656248,7.6833334,4.324479
199,0.9148487,8.276547,4.595698
200,0.7932871,1.4247314,1.1090093
201,0.85068136,7.576184,4.213433
202,1.5755764,6.233148,3.9043622
203,0.97046715,7.647412,4.3089395
204,0.8530244,7.624169,4.2385964
205,0.78833497,7.787628,4.2879815
206,0.9116301,8.14177,4.5267
207,1.9161227,6.5886393,4.252381
208,1.4347775,2.5712059,2.0029917
209,1.2714382,6.5649843,3.9182112
210,2.0127628,7.6296616,4.8212123
211,1.897469,6.2678385,4.082654
212,0.9723766,1.2553846,1.1138806
213,0.86056626,1.4499675,1.1552669
214,0.7920004,7.795582,4.2937913
215,0.97096664,6.323723,3.6473448
216,2.111277,6.4276004,4.2694387
217,1.9125416,7.904873,4.908707
218,0.8126056,4.986761,2.8996835
219,1.2735965,6.5849247,3.9292607
220,2.1132061,7.6574984,4.885352
221,0.86233646,2.6140673,1.7382019
222,0.8480099,7.599849,4.2239294
223,1.709653,6.5875297,4.1485915
224,0.8738007,0.17573951,0.5247701
225,0.7879502,0.1776578,0.482804
226,1.0836096,6.234942,3.6592758
227,1.5850601,6.3929567,3.9890084
228,1.9130223,6.5492935,4.231158
229,1.0995764,6.3469157,3.723246
230,1.5830895,6.3692255,3.9761574
231,0.792501,7.815307,4.303904
232,0.9736006,7.933134,4.453367
233,0.7891703,6.407395,3.5982826
234,0.7913134,7.8520927,4.321703
235,1.9151537,6.5394964,4.227325
236,0.8710069,6.53135,3.7011786
237,0.97209865,7.710645,4.341372
238,1.070814,7.497099,4.2839565
239,1.2672228,6.888252,4.0777373
240,2.0089364,7.6198163,4.8143764
241,0.96209586,7.5850854,4.2735906
242,0.9608422,1.2385545,1.0996983
243,0.96078277,7.527901,4.244342
244,1.8421429,5.252546,3.5473444
245,0.7956589,6.4877453,3.6417022
246,0.96079946,7.662805,4.3118024
247,0.7944191,7.855895,4.325157
248,1.0905915,6.2892356,3.6899135
249,1.917867,7.9761863,4.9470267
250,1.2428321,6.315238,3.779035
251,0.79196215,7.887665,4.339813
252,0.97699064,6.4486613,3.712826
253,1.0787067,7.571955,4.3253307
254,1.0862423,0.2099732,0.64810777
255,0.80670923,7.9669785,4.3868437
256,1.0801736,7.559666,4.31992
257,0.8740203,6.448685,3.6613526
258,1.9063575,6.3808694,4.1436133
259,1.6027658,6.5547767,4.078771
260,1.0922178,7.6925054,4.3923616
261,0.8526566,7.628575,4.240616
262,0.9672908,7.662231,4.3147607
263,1.5739106,6.224679,3.8992949
264,0.81424284,8.350099,4.5821705
265,0.9668712,7.739652,4.3532615
266,2.5867183,6.2147284,4.4007235
267,0.9681659,7.7492414,4.3587036
268,0.85275245,7.671654,4.262203
269,1.4300644,6.482425,3.956245
270,0.865814,7.804387,4.3351007
271,1.7930202,6.3424,4.06771
272,0.87110585,7.9049745,4.38804
273,1.0826043,7.5881968,4.3354006
274,1.4397833,7.9138813,4.676832
275,1.2294319,0.21320976,0.7213208
276,0.779284,7.5910196,4.185152
277,2.0094016,7.4979405,4.753671
278,1.4377621,6.5121446,3.9749534
279,1.0934086,7.7052593,4.399334
280,0.78437084,7.75484,4.269605
281,0.9753954,6.4121614,3.6937783
282,1.6917816,7.680366,4.686074
283,0.7826445,7.6622972,4.2224708
284,1.7146486,6.5803566,4.1475024
285,0.85632753,6.299519,3.5779233
286,2.935573,7.695809,5.315691
287,0.9766433,7.8996725,4.438158
288,1.0825613,6.2866993,3.6846304
289,1.4399971,6.388844,3.9144206
290,1.097444,6.406003,3.7517235
291,0.9729002,0.17486373,0.573882
292,2.0061061,6.284873,4.1454897
293,0.98584867,1.4322633,1.2090559
294,1.1556178,8.098224,4.6269207
295,0.98659945,2.5499315,1.7682655
296,0.86139494,2.7523787,1.8068868
297,0.785728,7.730835,4.2582817
298,1.5756736,6.2784057,3.9270396
299,0.9618815,7.626512,4.2941966
300,0.9793461,7.9546986,4.4670224
301,0.8667352,2.6798246,1.7732799
302,1.0219812,8.152086,4.5870337
303,0.9228204,8.388769,4.6557946
304,0.8654642,7.8966284,4.3810463
305,1.0797082,7.560653,4.320181
306,1.6029649,2.6265807,2.1147728
307,1.6848562,7.4037213,4.5442886
308,0.9712365,6.3048167,3.6380267
309,1.6971608,6.3974566,4.047309
310,1.2620218,6.8252697,4.043646
311,1.6851269,0.18367127,0.93439907
312,1.9035885,6.345085,4.1243367
313,0.9590089,7.596591,4.2778
314,0.969192,7.8011885,4.38519
315,0.9787551,7.9463167,4.462536
316,1.6894206,0.1973338,0.9433772
317,0.9654361,7.5832376,4.274337
318,1.5993968,6.635419,4.117408
319,1.2705686,7.9124064,4.5914874
320,0.7915402,7.817822,4.3046813
321,1.6032447,6.5709786,4.0871115
322,1.7840714,7.5990057,4.691539
323,1.7987068,7.8380885,4.8183975
324,0.80371785,6.5467086,3.6752133
325,1.0894113,6.380834,3.7351227
326,0.7866651,7.7616253,4.274145
327,1.9131684,1.2933801,1.6032743
328,1.0892218,6.2430353,3.6661286
329,0.9728414,6.385687,3.679264
330,0.86440456,7.8453326,4.3548684
331,2.0065708,6.3081117,4.157341
332,0.9670658,7.633087,4.3000765
333,0.96653646,7.727541,4.3470387
334,0.86085105,7.702825,4.281838
335,0.95718896,7.4761014,4.2166452
336,1.7104394,7.913485,4.811962
337,0.86871606,6.5252914,3.6970038
338,1.8025753,6.559093,4.1808343
339,1.5763704,6.309823,3.9430966
340,1.4406006,3.9436905,2.6921456
341,1.9125909,7.8794646,4.8960276
342,0.98514193,6.4885488,3.7368453
343,1.2655529,7.8380275,4.55179
344,1.7973883,6.445069,4.1212287
345,0.85201585,7.5842957,4.218156
346,0.78503174,7.72851,4.2567706
347,0.95837706,6.180356,3.5693665
348,0.96738666,6.271385,3.619386
349,1.6883374,7.6084585,4.648398
350,0.9675248,6.3582487,3.6628869
351,0.96290684,7.6315885,4.297248
352,1.7098744,2.459325,2.0845997
353,0.9245041,3.3087263,2.1166153
354,0.9617382,7.5930214,4.27738
355,1.4414917,6.502933,3.9722123
356,1.0342492,8.35864,4.6964445
357,0.9836689,7.890696,4.4371824
358,0.8634371,6.36367,3.6135535
359,1.904067,1.4316396,1.6678534
360,1.7919853,6.308863,4.050424
361,1.4404688,4.026421,2.733445
362,1.1515164,7.986031,4.5687737
363,1.2549582,6.385971,3.8204646
364,1.074782,7.4908996,4.2828407
365,1.5758535,1.4088564,1.4923549
366,2.8417962,6.6347365,4.7382665
367,0.9780057,6.428025,3.7030153
368,0.9674817,6.340026,3.6537538
369,1.0834495,6.2507644,3.6671069
370,1.9037495,7.679795,4.791772
371,1.7812629,7.613395,4.697329
372,0.79884976,7.9458385,4.372344
373,1.1218925,7.994492,4.5581923
374,1.2426672,2.5060985,1.8743829
375,0.96689826,7.7536116,4.360255
376,0.9768265,2.5446603,1.7607434
377,0.96788174,7.763037,4.3654594
378,0.85507834,7.605547,4.230313
379,1.0776161,6.2071185,3.6423674
380,1.7040573,6.476714,4.090386
381,0.92274284,8.397228,4.6599855
382,1.7965455,3.669691,2.7331183
383,0.96087635,6.1737447,3.5673106
384,1.5910283,6.4671073,4.029068
385,1.5928009,7.8835135,4.7381573
386,0.8616325,6.4061465,3.6338894
387,0.91816264,8.371772,4.644967
388,0.8521483,6.277984,3.5650663
389,0.96140265,7.596144,4.2787733
390,1.0871166,0.17881969,0.6329681
391,1.7942121,6.4352117,4.1147118
392,2.01613,6.5365863,4.276358
393,0.98431253,7.840062,4.4121876
394,0.79369813,7.8750057,4.334352
395,0.85518557,7.6830974,4.2691417
396,0.95407504,6.1180973,3.536086
397,0.79164565,6.4172206,3.604433
398,0.86365485,6.400191,3.6319227
399,1.2737893,6.969641,4.121715
400,0.77595824,7.6009145,4.1884365
401,0.85886675,7.6427097,4.250788
402,1.0920737,6.3615685,3.726821
403,0.85292804,7.610495,4.2317114
404,1.5740557,1.2538047,1.4139302
405,1.7860398,7.5954604,4.69075
406,0.9854065,6.5602384,3.7728224
407,1.5748098,1.5396143,1.5572121
408,1.4353348,7.9159346,4.675635
409,1.781145,7.5339994,4.6575723
410,1.0858829,6.1582117,3.6220474
411,0.85646355,7.614467,4.2354655
412,0.96913004,7.7313585,4.3502445
413,1.2372818,6.2914677,3.7643747
414,1.5799458,7.63037,4.605158
415,0.9279984,8.365964,4.6469812
416,0.8727187,5.2140055,3.0433621
417,0.7874182,7.6774855,4.232452
418,0.87506884,0.16624323,0.52065605
419,0.78171253,6.2729144,3.5273135
420,0.97412986,7.922799,4.4484644
421,1.2410704,6.290643,3.7658567
422,0.97630364,7.8017716,4.3890376
423,0.9809285,1.3241581,1.1525433
424,0.96052057,7.491377,4.225949
425,0.79610795,7.8569317,4.32652
426,0.971044,6.2880154,3.6295297
427,0.9671593,7.62819,4.2976747
428,1.0768783,6.2560477,3.666463
429,1.4433553,6.553516,3.9984355
430,0.97288775,6.3760996,3.6744938
431,0.9820752,6.4890656,3.7355704
432,1.7064445,7.981464,4.843954
433,0.77987754,6.26589,3.522884
434,0.8783987,0.1685156,0.52345717
435,0.9787389,1.4150676,1.1969032
436,0.8583812,7.6006103,4.2294955
437,0.80456203,7.9952745,4.399918
438,1.5913342,6.451394,4.021364
439,0.9753471,6.3761644,3.6757557
440,1.0805936,6.246762,3.6636777
441,1.2490253,7.580041,4.414533
442,1.0756156,7.547763,4.3116894
443,0.7850071,7.721075,4.2530413
444,0.85800755,7.7421584,4.300083
445,1.5767492,7.535194,4.5559716
446,0.9630685,6.2849255,3.623997
447,0.9766729,7.9045124,4.440593
448,1.7883273,7.6530757,4.7207017
449,1.910137,7.853192,4.8816643
450,1.4222409,7.6137815,4.518011
451,1.4346133,6.46459,3.9496017
452,1.606163,6.6518893,4.1290264
453,0.8600178,7.630077,4.2450476
454,0.9656022,7.674269,4.319936
455,1.0821288,4.7667556,2.9244423
456,1.688471,6.2499037,3.9691873
457,0.7867111,7.7264104,4.256561
458,1.0205697,8.26941,4.64499
459,1.0836968,1.2550899,1.1693933
460,1.8035946,6.5561123,4.1798534
461,0.86175007,6.3798504,3.6208003
462,0.97010654,0.18426391,0.5771852
463,0.85902727,7.7188897,4.2889585
464,1.5765959,7.564943,4.5707693
465,0.85438055,7.6160483,4.235214
466,2.0149872,7.757621,4.886304
467,0.8134342,6.613469,3.7134516
468,2.403893,7.937503,5.170698
469,0.87269324,6.544555,3.7086241
470,1.790865,7.675545,4.733205
471,0.86761075,1.4363277,1.1519692
472,0.85900277,7.717488,4.288245
473,0.85466224,7.710579,4.2826204
474,0.8603961,6.3648524,3.6126242
475,1.1590064,3.2557137,2.20736
476,0.8560828,7.6994567,4.2777696
477,0.8784591,7.9678416,4.4231505
478,0.7915102,6.5868316,3.6891708
479,1.1179644,6.558292,3.838128
480,0.8767225,6.5388117,3.707767
481,0.9257721,8.27703,4.601401
482,0.8566815,7.67502,4.265851
483,1.2575667,6.39253,3.8250484
484,1.9043344,6.367966,4.1361504
485,0.9719928,7.6780105,4.3250017
486,0.792158,7.7766414,4.2843995
487,1.0977942,6.392336,3.745065
488,0.85983974,3.836198,2.348019
489,0.9839251,2.7108502,1.8473877
490,1.0843132,6.2281075,3.6562104
491,0.7944211,7.874373,4.334397
492,1.6850419,6.246713,3.9658775
493,0.7850453,7.719437,4.252241
494,0.9607304,7.5922008,4.2764654
495,1.0789973,6.2640514,3.6715243
496,1.6920761,7.652194,4.672135
497,0.98730946,3.6938767,2.340593
498,1.4398305,6.456911,3.948371
499,0.88210976,7.9938784,4.437994
500,0.7882893,7.738077,4.263183
501,0.87473696,7.8739486,4.374343
502,0.87564766,2.7236898,1.7996688
503,1.9107094,6.5235567,4.217133
504,1.6864395,6.296421,3.9914303
505,0.85523087,7.6631413,4.2591863
506,1.7941812,6.349905,4.072043
507,0.86968005,7.8763924,4.3730364
508,0.98227954,6.489894,3.7360868
509,1.7084733,6.554888,4.1316805
510,0.85411745,7.615898,4.235008
511,0.97317386,7.942394,4.4577837
512,1.9016334,7.6043134,4.7529736
513,0.97507226,7.8957214,4.4353967
514,0.9766314,6.3827133,3.6796722
515,0.86038333,6.3895864,3.624985
516,0.7976885,7.9248047,4.3612466
517,1.5891116,6.3387337,3.9639225
518,1.5753943,2.7824438,2.178919
519,0.9649912,6.2745686,3.6197798
520,1.5855509,6.4207654,4.003158
521,0.79904574,8.130124,4.464585
522,0.7852118,7.722621,4.2539163
523,0.7867126,7.7348337,4.260773
524,0.96888006,6.2684283,3.6186543
525,1.0862626,1.2657596,1.1760111
526,0.9712852,2.4885366,1.7299109
527,0.8609201,6.40426,3.63259
528,0.7869906,7.7110133,4.249002
529,0.92317337,8.27924,4.6012063
530,0.80094796,7.983546,4.3922467
531,1.0296164,4.4987345,2.7641754
532,1.5784737,1.263576,1.4210248
533,1.7063606,7.9380636,4.822212
534,1.0265007,3.3058143,2.1661575
535,1.2682935,7.9043913,4.5863423
536,0.9626433,7.634304,4.298474
537,0.96642566,7.669471,4.3179483
538,0.9673921,7.621747,4.2945695
539,0.77458334,7.646348,4.2104654
540,2.1261144,7.894653,5.0103836
541,0.8525712,7.630109,4.24134
542,2.007325,6.3069863,4.1571555
543,0.8517963,7.6397758,4.245786
544,1.0154512,8.10391,4.559681
545,0.8675056,7.8835297,4.375518
546,1.2657132,5.476676,3.3711946
547,0.9569089,7.5776258,4.267267
548,1.692145,7.633353,4.6627493
549,1.4288993,7.664547,4.5467234
550,1.4258833,7.728276,4.57708
551,1.8008276,2.8148801,2.307854
552,1.0173777,8.072615,4.5449963
553,2.8429422,7.816598,5.32977
554,1.7947799,5.3646016,3.5796907
555,1.8518448,7.762585,4.8072147
556,0.96363056,7.6487536,4.306192
557,0.9672019,7.7606816,4.3639417
558,1.9033359,7.6544166,4.7788763
559,0.82623965,8.4833,4.65477
560,0.9645165,7.7410593,4.352788
561,0.8674755,7.929337,4.398406
562,1.690031,6.294446,3.9922385
563,0.7850346,7.7524123,4.2687235
564,1.2354168,7.526454,4.380935
565,2.1161609,6.223713,4.169937
566,2.2637506,7.8321133,5.0479317
567,1.5990714,6.59112,4.0950956
568,0.97915685,7.9162664,4.4477115
569,2.0154672,7.641135,4.8283014
570,1.5820467,6.301167,3.941607
571,1.7841064,6.2348046,4.0094557
572,0.786325,6.3790646,3.5826948
573,1.4466575,6.526901,3.9867792
574,0.9627561,7.662861,4.3128085
575,0.97199184,1.264299,1.1181455
576,0.96235955,7.550787,4.256573
577,1.794087,7.7589164,4.7765017
578,0.87580955,1.4459511,1.1608803
579,1.2370642,1.4872614,1.3621628
580,1.6959531,7.7214074,4.70868
581,0.9675553,7.6930966,4.330326
582,0.86875474,6.5008063,3.6847806
583,1.4264535,2.6491315,2.0377924
584,0.96643627,7.6320887,4.2992625
585,1.090674,2.364451,1.7275624
586,0.87533784,6.536101,3.7057195
587,0.7928886,7.9372163,4.365052
588,0.9624474,7.701303,4.3318753
589,1.5744169,7.593564,4.5839906
590,0.8527164,7.6215982,4.2371573
591,0.8240148,8.437867,4.630941
592,1.1570468,8.10476,4.6309032
593,1.078107,6.2203393,3.649223
594,2.0097537,7.668039,4.8388963
595,0.8724215,2.8023562,1.8373889
596,0.8722618,7.910477,4.3913693
597,1.0812584,7.6159506,4.3486047
598,1.700027,7.7862577,4.743142
599,0.8619282,6.371903,3.6169157
600,0.8527261,7.6152325,4.233979
601,1.0804616,6.2460666,3.663264
602,0.9699061,7.6998615,4.3348837
603,0.78750217,7.752259,4.2698803
604,1.2432243,6.2912984,3.7672613
605,1.5723624,6.289369,3.9308658
606,1.7027466,7.869445,4.7860956
607,1.2548271,4.8869143,3.0708706
608,0.9753947,3.6350842,2.3052394
609,1.9172837,7.9126115,4.9149475
610,0.96226954,7.54194,4.2521048
611,0.96653473,7.751743,4.359139
612,0.87630755,6.5356073,3.7059574
613,0.9656796,7.678392,4.322036
614,1.0888158,1.3074908,1.1981533
615,0.86932456,7.850092,4.3597083
616,1.9183732,7.8877716,4.9030724
617,1.0230559,8.227846,4.625451
618,0.7837706,7.740419,4.262095
619,0.8510213,7.5444226,4.197722
620,0.85919994,7.719277,4.2892385
621,0.87219405,3.6767418,2.274468
622,1.4259132,7.6221433,4.5240283
623,1.793794,7.743409,4.7686014
624,0.79675096,7.898083,4.347417
625,0.98391366,7.965499,4.474706
626,1.1046141,2.7262495,1.9154317
627,0.8478804,7.577542,4.2127113
628,0.97644633,7.8637543,4.4201
629,1.7083966,6.5794683,4.1439323
630,1.9029943,7.614311,4.7586527
631,0.78386945,7.6660237,4.2249465
632,1.6829289,6.2713666,3.9771478
633,1.8012544,6.588982,4.1951184
634,1.0231254,4.3903017,2.7067137
635,0.7945556,6.4893556,3.6419556
636,0.9649106,7.767426,4.3661685
637,0.9669342,6.2823043,3.6246192
638,2.0161417,6.4447203,4.230431
639,1.5808387,7.725708,4.6532736
640,0.8658657,3.9526317,2.4092488
641,2.1264622,6.5101805,4.318321
642,1.4249744,2.6137269,2.0193505
643,1.9202628,6.6302767,4.2752695
644,0.8624668,5.2683096,3.0653882
645,1.4438919,6.5649166,4.004404
646,0.78087115,7.668974,4.2249227
647,2.248746,6.3468885,4.297817
648,1.2731501,0.17385074,0.72350043
649,1.7084864,7.8932385,4.8008623
650,1.5746531,6.2631755,3.9189143
651,0.8719006,0.16624907,0.51907486
652,0.8013628,8.139584,4.4704733
653,0.9839269,6.4694676,3.7266972
654,0.80516714,6.491951,3.648559
655,1.4228996,6.2989106,3.8609052
656,1.1199776,6.504196,3.8120868
657,0.7866389,7.7441716,4.265405
658,0.87183535,7.855932,4.363884
659,1.903967,7.743045,4.823506
660,1.0877314,6.2435827,3.665657
661,0.8762797,1.4529035,1.1645916
662,1.8992437,6.2512217,4.0752325
663,0.7979011,7.957705,4.377803
664,1.1532573,8.073505,4.6133814
665,0.9651957,7.6035028,4.2843494
666,0.96659607,7.651854,4.309225
667,1.7374403,6.297729,4.017585
668,1.089969,6.338097,3.7140331
669,1.9045455,7.644743,4.7746444
670,1.3332936,4.264407,2.7988503
671,0.96458995,7.6713533,4.3179717
672,1.5863822,0.16942728,0.8779047
673,0.97485703,6.3462396,3.6605482
674,1.7907948,6.364817,4.077806
675,1.5780059,7.6260858,4.602046
676,1.5810109,6.345887,3.963449
677,0.8536833,7.68515,4.269417
678,1.2325765,6.203519,3.7180476
679,0.7890375,6.4045854,3.5968115
680,1.2737657,6.564453,3.9191093
681,1.4341614,6.366312,3.9002366
682,1.901443,6.2771964,4.0893197
683,1.795072,7.660964,4.728018
684,0.7983673,7.9284663,4.3634167
685,0.8131393,6.643773,3.7284563
686,1.9094014,7.759927,4.8346643
687,1.0886301,1.319708,1.204169
688,1.7802455,6.1077185,3.9439821
689,0.7900077,6.390744,3.590376
690,1.9049132,7.664597,4.784755
691,2.0248883,6.644449,4.3346686
692,1.585384,2.6815207,2.1334524
693,0.9624493,7.701488,4.331969
694,1.0773942,7.5704923,4.323943
695,1.9015946,7.517044,4.709319
696,1.9021214,7.698657,4.8003893
697,0.8690188,7.901145,4.385082
698,0.85764897,7.7231293,4.290389
699,0.98811895,1.4329591,1.210539
700,1.422392,7.5867,4.504546
701,0.8502969,7.656541,4.253419
702,0.9779757,7.925988,4.451982
703,0.7867069,7.7440014,4.265354
704,2.0086117,7.6004853,4.8045483
705,0.97444826,3.6041048,2.2892766
706,0.8674571,6.5118012,3.689629
707,0.8510023,7.5991426,4.2250724
708,0.8002927,0.16798122,0.48413694
709,1.80295,7.940038,4.8714943
710,1.902653,7.613389,4.758021
711,0.793873,7.911448,4.3526607
712,1.6849385,7.5927024,4.6388206
713,0.80391526,7.914114,4.3590145
714,1.7752936,6.1589427,3.9671183
715,1.429503,6.411763,3.920633
716,0.97526586,7.896955,4.4361105
717,1.9037235,6.339924,4.121824
718,0.96341705,7.5863686,4.274893
719,0.7909726,7.8106203,4.3007965
720,2.0079062,7.646165,4.8270354
721,1.7846143,7.557948,4.6712813
722,0.96423954,7.63964,4.3019395
723,0.79931307,7.9195695,4.3594413
724,1.255136,6.401026,3.828081
725,1.6955389,7.7429943,4.7192664
726,1.7924427,7.680201,4.736322
727,0.85267407,7.640089,4.2463818
728,1.7913688,7.6893826,4.7403755
729,2.397509,7.7361383,5.066824
730,0.84982705,7.6149445,4.2323856
731,1.2627975,6.413803,3.8383002
732,0.79053605,7.876226,4.333381
733,1.020225,8.111358,4.565791
734,0.7912527,7.8559012,4.323577
735,0.78090614,7.6782994,4.229603
736,0.8488704,7.5056047,4.1772375
737,0.9603352,7.629837,4.295086
738,0.97528327,7.7451878,4.3602357
739,1.792505,7.679279,4.735892
740,0.7777084,7.64543,4.2115693
741,0.97969973,7.908517,4.4441085
742,1.8032926,7.920418,4.861855
743,0.9783724,7.9412737,4.459823
744,2.014594,7.787127,4.900861
745,0.81039083,7.9293094,4.36985
746,0.8778506,6.5149474,3.696399
747,0.77864903,7.5997205,4.1891847
748,0.86399645,7.73399,4.298993
749,0.85379577,7.619343,4.2365694
750,0.80035,2.721909,1.7611295
751,2.1149292,6.2815495,4.1982393
752,0.8575334,7.6889076,4.2732205
753,1.6969453,7.716493,4.7067194
754,0.791405,7.855764,4.3235846
755,0.85729605,2.67137,1.764333
756,0.8039348,7.8441463,4.3240404
757,1.0109066,8.018562,4.5147343
758,1.7968471,6.5070395,4.151943
759,1.0208116,3.2348914,2.1278515
760,1.5809155,6.2485776,3.9147465
761,0.7866833,7.7352285,4.260956
762,0.9796337,6.550586,3.76511
763,0.96961635,0.17949867,0.57455754
764,0.97517204,7.861135,4.418154
765,1.443271,6.5186596,3.9809654
766,2.0128627,6.3301487,4.171506
767,1.6931984,6.3418894,4.017544
768,1.7105198,6.559596,4.135058
769,1.0822937,2.5034285,1.7928611
770,1.9189878,6.6001143,4.259551
771,1.6881523,6.2988734,3.9935129
772,1.2559037,1.4466575,1.3512807
773,1.9066895,7.707897,4.8072934
774,0.9672345,6.3517423,3.6594884
775,0.79117006,6.3965554,3.5938628
776,1.0845584,6.2589536,3.671756
777,1.9096605,6.5098896,4.209775
778,0.9809981,2.7073123,1.8441552
779,1.4397631,1.2992626,1.3695128
780,1.0738069,7.521731,4.297769
781,1.2778451,6.602601,3.9402232
782,0.9758879,6.3710947,3.6734912
783,1.9093838,6.5755215,4.2424526
784,1.0744357,1.5442748,1.3093553
785,1.8060187,6.5647535,4.185386
786,1.0873677,6.3490963,3.718232
787,0.79317653,7.8421826,4.3176794
788,0.87963706,6.4733024,3.6764698
789,0.78667104,7.7176285,4.2521496
790,2.1273458,2.6875377,2.4074416
791,0.865816,7.8398504,4.3528333
792,1.2494045,2.3782942,1.8138494
793,0.8079809,6.575794,3.6918876
794,1.2760065,6.9561214,4.116064
795,1.4380422,7.932848,4.685445
796,0.86949307,1.4452333,1.1573632
797,0.8626751,7.729052,4.2958636
798,2.127518,2.6985981,2.413058
799,1.0944377,6.3704267,3.7324321
800,0.8109431,8.311004,4.560973
801,0.9760081,7.8316126,4.4038105
802,1.5949605,7.954569,4.7747645
803,1.0825759,6.3037925,3.6931841
804,0.9743514,6.348807,3.6615791
805,1.7862078,7.7087355,4.747472
806,0.97175694,0.16863236,0.57019466
807,0.97670984,5.1549745,3.0658422
808,1.8585922,8.473983,5.1662874
809,0.8678154,5.2142854,3.0410504
810,0.9717774,7.867768,4.4197726
811,0.8672054,6.449184,3.6581945
812,0.7866407,7.7530246,4.2698326
813,0.79924583,7.9563494,4.3777976
814,0.8697608,7.864813,4.3672867
815,0.78275317,7.670779,4.226766
816,1.4259678,2.6005685,2.0132682
817,2.0135994,6.4327893,4.223194
818,0.84913343,7.598281,4.223707
819,0.86430854,7.7827635,4.323536
820,1.4381868,6.508369,3.9732778
821,1.2336107,6.236742,3.7351763
822,1.235151,7.599531,4.417341
823,1.0783775,6.1268625,3.6026201
824,0.8725636,6.474415,3.673489
825,0.7817983,7.702324,4.242061
826,0.8437038,7.5882072,4.2159557
827,1.4373192,6.376676,3.9069977
828,1.7943298,7.7909393,4.7926345
829,1.0746698,7.512892,4.293781
830,0.9834723,3.5315619,2.257517
831,0.856824,7.691558,4.274191
832,0.8575399,7.6261616,4.241851
833,1.5721205,6.263839,3.9179797
834,0.7819712,7.6711507,4.226561
835,0.86424327,7.8737807,4.369012
836,0.8479295,7.576449,4.212189
837,0.8525012,7.5989227,4.225712
838,1.0840241,6.2373967,3.6607103
839,0.972325,6.3149905,3.6436577
840,0.7874941,7.7420373,4.2647657
841,0.79055685,7.6958756,4.243216
842,1.0810629,6.190026,3.6355443
843,0.7853128,0.19560392,0.49045834
844,0.85844874,7.7086067,4.283528
845,1.6849097,7.546202,4.615556
846,1.4404352,6.5160313,3.9782333
847,1.7880707,6.303148,4.0456095
848,0.9792159,7.939359,4.4592876
849,0.86384976,4.0253725,2.444611
850,0.96884185,6.265235,3.6170385
851,1.436938,6.5299506,3.9834442
852,1.6877941,2.5486639,2.118229
853,1.2477424,2.486497,1.8671197
854,2.124441,7.662821,4.893631
855,1.4360164,1.2835183,1.3597674
856,0.79066557,6.396513,3.5935893
857,0.8678606,6.46802,3.6679404
858,1.2609448,7.675512,4.4682283
859,1.2747467,6.539802,3.9072742
860,0.9538709,7.5252595,4.2395654
861,0.79527104,7.862336,4.3288035
862,0.8615271,7.822675,4.342101
863,0.7968217,7.8904934,4.3436575
864,2.0179427,6.308444,4.163193
865,1.7898414,7.672083,4.7309623
866,0.8686856,7.821257,4.344971
867,0.98078007,7.9017553,4.4412675
868,0.809019,6.575189,3.692104
869,0.95968384,7.5921,4.275892
870,0.8746891,6.4638667,3.669278
871,0.7841142,7.7349524,4.2595334
872,2.2674296,6.509388,4.3884087
873,0.8010745,6.561782,3.6814282
874,1.8984997,7.599184,4.748842
875,0.97590977,6.344015,3.6599624
876,0.9802751,7.960963,4.4706187
877,0.79050946,7.838466,4.314488
878,0.78621763,7.810685,4.2984514
879,1.5956185,7.9194307,4.7575245
880,1.6863785,1.4079067,1.5471425
881,0.80956477,6.5973063,3.7034354
882,0.9679057,1.4252698,1.1965878
883,0.80469376,7.958009,4.3813515
884,0.9777423,7.9295216,4.453632
885,0.78093934,7.60935,4.1951447
886,1.0786285,6.239306,3.6589673
887,1.7884262,7.6650076,4.726717
888,0.85031885,7.6008744,4.2255964
889,1.439255,2.7198632,2.079559
890,0.973444,7.8606205,4.4170322
891,0.7953065,7.8475494,4.321428
892,0.86688966,7.8581786,4.362534
893,1.0908985,1.4426239,1.2667612
894,1.6858327,0.20798157,0.94690716
895,0.8033546,7.8735685,4.3384614
896,0.7807307,7.602123,4.1914268
897,0.85293347,6.291182,3.5720577
898,1.2363852,3.5398939,2.3881395
899,0.8606675,7.81199,4.3363285
900,1.2554563,3.8907273,2.5730917
901,0.79252696,1.4582317,1.1253793
902,0.84572196,7.5063915,4.176057
903,1.0844991,6.280476,3.6824875
904,0.7969646,2.811227,1.8040959
905,1.5735083,6.214883,3.8941956
906,0.9623006,7.677667,4.319984
907,0.78572804,7.700197,4.242963
908,0.97343385,7.8819656,4.4276996
909,0.8234016,8.41525,4.6193256
910,1.088771,1.3090049,1.198888
911,1.9681523,8.427719,5.1979356
912,1.1607642,8.171437,4.6661005
913,0.78343874,7.7154417,4.24944
914,0.87572885,0.16737211,0.5215505
915,0.9681719,7.7489476,4.3585596
916,1.2778817,6.934777,4.1063294
917,0.85447156,7.6551075,4.2547894
918,0.7924904,7.7966065,4.2945485
919,1.2753748,6.942987,4.109181
920,1.2407227,6.286774,3.7637484
921,0.871062,7.889355,4.3802085
922,1.6837585,6.2280807,3.9559197
923,0.7890018,6.380932,3.584967
924,1.6870556,0.18932404,0.9381898
925,0.7866927,7.7111845,4.2489386
926,0.7870517,7.7848034,4.285928
927,0.79525095,7.867873,4.331562
928,1.077813,7.5550404,4.3164268
929,0.9664914,6.271803,3.619147
930,0.96817416,7.7737947,4.3709846
931,0.8493931,7.496358,4.1728754
932,0.80399656,6.501188,3.6525922
933,0.80170804,7.8677764,4.334742
934,1.2412286,6.238782,3.7400053
935,1.0747074,7.5045958,4.2896514
936,1.4289625,6.3485985,3.8887806
937,1.9016414,6.2944627,4.098052
938,1.7046047,6.4618115,4.083208
939,0.96792763,7.6871223,4.327525
940,0.9714401,0.181307,0.5763735
941,1.6864755,6.286724,3.9866
942,0.9705477,6.269686,3.620117
943,0.8735994,7.8820276,4.3778133
944,0.87470895,6.5154448,3.695077
945,0.7946668,7.843263,4.318965
946,1.7993989,6.4951363,4.1472673
947,0.9598574,7.5394845,4.249671
948,1.0922415,6.412656,3.7524486
949,0.97447944,3.9016914,2.4380856
950,0.9615119,7.5117946,4.2366533
951,0.9768174,6.427732,3.7022748
952,1.0772946,7.580037,4.3286657
953,0.8609468,7.7382765,4.2996116
954,1.8974992,6.1763783,4.0369387
955,0.8490683,7.552947,4.201008
956,0.87570554,3.9524286,2.414067
957,1.2340066,0.18796618,0.71098644
958,0.9668147,7.668795,4.317805
959,1.2345349,6.240262,3.7373984
960,0.9744106,6.3513875,3.662899
961,0.9637461,6.269819,3.6167824
962,1.0757856,7.495287,4.2855363
963,1.0841024,6.2605014,3.6723018
964,0.86257595,7.7253094,4.2939425
965,0.9730791,2.6343462,1.8037126
966,0.8745878,4.022177,2.4483824
967,0.78669775,7.7264104,4.256554
968,0.78669775,7.7629395,4.2748184
969,0.86014795,6.3981495,3.6291487
970,1.2347081,7.4575896,4.346149
971,1.0216488,8.148864,4.585256
972,0.97499275,7.91793,4.4464617
973,1.9161654,6.5673013,4.2417336
974,1.0792894,6.241878,3.6605837
975,1.7863849,6.265449,4.025917
976,0.96306485,1.4058489,1.1844568
977,1.2788596,7.0072274,4.1430435
978,0.9698918,7.6519074,4.3108997
979,0.86695683,7.911221,4.389089
980,0.85955894,6.355817,3.607688
981,0.8505977,7.520945,4.1857715
982,0.8584715,6.2199225,3.539197
983,0.8656812,7.852887,4.3592844
984,0.85529196,7.6579714,4.256632
985,1.2327677,7.4749804,4.353874
986,0.77685034,7.590161,4.1835055
987,2.2563496,7.626934,4.941642
988,0.9808902,7.9087806,4.444835
989,1.2730321,1.2950696,1.2840508
990,1.0855557,6.246451,3.6660032
991,0.8569842,7.6824374,4.269711
992,0.9611708,5.2740593,3.117615
993,0.85863245,7.7169514,4.2877917
994,0.8557905,7.6194034,4.237597
995,0.8600838,6.372281,3.6161823
996,1.581576,6.34653,3.964053
997,1.2361444,0.20542608,0.72078526
998,1.2652515,6.832276,4.0487638
999,0.7970269,7.939061,4.368044
